grade,token_count,row
1.0,17882,108
0.9778812572759022,26455,103
1.0,25757,100
1.0,22361,110
0.076993583868011,20454,116
1.0,26253,118
1.0,30419,109
1.0,19162,102
1.0,18230,112
1.0,20924,114
1.0,28985,115
0.023312883435582823,16043,106
1.0,22266,119
1.0,31843,127
1.0,25636,107
1.0,29980,123
1.0,26808,120
0.9995787700084247,19809,105
0.02390591864276075,29678,111
0.19705882352941176,23330,124
0.047284345047923323,30219,104
1.0,17549,117
1.0,28532,131
0.03475810239549084,20114,113
0.04237824161922834,26822,121
0.044641061733360146,26843,101
0.07601935038009675,27937,135
0.0416367552045944,16165,125
1.0,18472,126
1.0,29503,122
1.0,29121,128
0.10617221234442469,20301,134
0.09728944820909971,29296,140
1.0,28252,130
0.040252328026434366,27469,133
0.18929656461790137,25176,137
0.11930926216640503,30950,145
0.06638159234371818,20024,139
0.03997312730937185,23547,138
0.9997734994337486,25879,144
1.0,19604,129
0.06382978723404255,18598,141
1.0,30291,136
0.06509274873524452,20374,132
0.028156621205455347,22477,148
0.05537098560354374,25454,143
1.0,21119,146
0.33429394812680113,23387,163
0.9251908396946565,23076,164
1.0,17898,149
0.02201690583841164,29897,142
1.0,23628,150
1.0,28404,151
0.14527503526093088,25953,160
0.03133640552995392,29191,158
1.0,30290,155
1.0,30934,153
1.0,27929,152
0.11336453458138325,27786,154
0.03828246249353337,29255,162
0.9995559502664298,24563,156
1.0,18177,168
0.035576923076923075,30146,167
0.02114958212519188,23740,159
1.0,28236,176
0.6010714285714286,25872,147
1.0,16769,157
1.0,28576,175
0.07157057654075547,16866,166
1.0,20487,161
0.9990416866315285,21822,169
0.08945228414254963,20092,172
1.0,24189,174
0.03273896521484946,17756,173
0.2027729636048527,20013,171
0.11867582760774516,28525,184
0.9994504488001466,29549,165
1.0,20450,185
1.0,31526,182
0.017578125,29776,178
0.18780620577027762,27672,181
0.21626373626373627,24217,177
0.03237555645487657,15788,170
0.15328994938539406,19119,179
0.07209117413199045,25118,186
0.9997917100604041,16311,190
1.0,18345,189
1.0,30805,196
0.05918367346938776,23705,194
0.9998165474224913,29118,187
0.06133333333333333,51735,300
0.9033902625541678,28930,192
0.025267249757045675,21891,183
1.0,60245,301
1.0,21542,191
0.04524033930254477,17425,198
0.016440451156566623,24566,188
0.057663125948406675,26516,193
1.0,23603,180
0.997907949790795,29979,195
1.0,28593,199
0.011039558417663294,44802,303
1.0,28342,197
1.0,50214,309
0.08938887199756765,53507,307
1.0,47402,304
1.0,37221,306
0.9887082204155375,36352,302
1.0,55101,322
0.9684785306527675,57499,314
1.0,55167,308
0.062116564417177916,47310,305
0.0713463751438435,59561,311
1.0,32819,315
0.15023923444976076,44463,313
1.0,52152,312
0.15162659123055164,52676,321
0.07920792079207921,46496,326
1.0,47186,316
0.0,43969,331
1.0,44288,329
0.04146249528835281,38824,310
0.062178702570379434,40259,320
1.0,35028,317
0.028188865398167725,41873,319
1.0,39654,318
0.9652247667514843,63271,327
1.0,37658,323
0.9985389271550824,55550,325
0.12233820459290187,51376,324
1.0,52261,333
0.31932773109243695,34900,344
0.050590219224283306,39204,334
0.06693363844393593,62530,328
1.0,55142,335
0.9967198775420949,46105,330
0.039412997903563944,35794,339
1.0,59552,332
1.0,54987,340
0.03871576959395656,32396,349
0.12943632567849686,34794,337
0.09271523178807947,56296,352
0.04031789106415972,36605,343
1.0,40398,357
1.0,40417,348
1.0,49558,346
0.9974857142857143,63408,336
0.037370477322914895,49385,342
0.9990770650669127,45818,341
1.0,57755,345
1.0,48140,356
0.1649122807017544,47058,367
0.9774741506646972,56754,347
0.9762734362037498,43216,351
1.0,46082,354
1.0,31856,338
0.06649616368286446,39556,353
1.0,55389,363
0.9982939312698026,63180,355
0.03133393017009848,46598,362
1.0,45668,360
0.13261761919797915,49281,361
0.048644892286309936,34556,371
1.0,51100,359
1.0,55254,350
0.1778975741239892,61465,377
1.0,53211,372
1.0,58677,376
1.0,61459,366
0.049842271293375394,47780,368
1.0,43123,365
0.08389715832205684,57126,369
0.05386996904024768,35680,370
0.14108201108774612,42553,364
1.0,37112,373
0.08813297255508311,57061,358
1.0,39918,381
1.0,33820,374
1.0,51142,380
0.018018018018018018,56979,388
1.0,55962,379
0.06661732050333087,43502,392
1.0,39765,396
0.9967675580370261,37785,385
1.0,52854,391
0.11972413793103448,63085,387
0.9786368260427264,45990,378
0.04633204633204633,41585,386
0.013895621263532073,46291,384
1.0,6001,404
0.9760567543600355,59508,389
0.028723650683344915,50368,383
0.06756756756756757,52803,382
0.019357960961445396,51742,375
1.0,40275,397
1.0,58456,390
0.07268840192410475,6486,401
1.0,6898,408
0.0519360786724032,52897,394
0.999813258636788,31987,393
1.0,39415,395
1.0,5779,402
1.0,6695,418
1.0,3824,403
1.0,4246,405
1.0,5540,400
1.0,4730,406
0.9995473064735174,6892,410
0.9978345604157643,62244,399
1.0,33781,398
0.19803404459362264,5530,409
1.0,7297,423
1.0,4330,407
0.9382050024521824,4899,412
0.1485838779956427,7158,411
1.0,4338,416
0.04764086120018323,4035,420
1.0,3831,415
1.0,7229,417
0.11458333333333333,5289,432
1.0,4913,425
1.0,5606,413
1.0,7243,414
1.0,6381,428
1.0,4096,424
1.0,7073,426
1.0,5071,419
1.0,6359,427
1.0,7606,444
1.0,3806,429
1.0,4575,439
1.0,3701,421
1.0,5716,431
1.0,5591,434
1.0,5341,443
0.044384057971014496,4912,442
1.0,6139,446
1.0,6205,430
1.0,5018,422
1.0,3782,441
1.0,5475,435
1.0,6313,433
1.0,5470,436
0.046397188049209136,5328,437
1.0,7117,438
1.0,3869,445
1.0,5343,459
1.0,6979,451
1.0,6147,440
1.0,7243,448
1.0,3439,447
0.0979631425800194,6385,457
1.0,6874,456
1.0,3895,453
1.0,4051,450
1.0,6974,454
1.0,6171,449
1.0,4622,469
1.0,3402,452
1.0,3219,458
1.0,4680,471
0.9997664097173558,3718,460
1.0,5544,475
1.0,6736,461
1.0,5019,468
1.0,5818,479
1.0,7088,472
1.0,3843,455
1.0,4967,462
1.0,4412,463
1.0,4430,464
0.03394372487717731,6547,473
1.0,4131,467
1.0,4886,465
1.0,5090,466
0.05561497326203209,5349,485
1.0,4370,484
0.016720445878556763,6060,470
0.9992630803242447,7413,474
1.0,6240,477
0.021011888305225324,7097,481
1.0,6154,476
1.0,3640,492
1.0,6991,480
1.0,6270,499
0.999780268072951,5068,478
0.951627088830255,4094,487
1.0,5209,491
1.0,3930,489
1.0,4851,486
1.0,7273,482
1.0,5257,496
0.23870967741935484,97814,600
1.0,4483,494
1.0,4776,495
1.0,5158,493
1.0,6496,498
1.0,5238,488
1.0,4318,483
0.017998941238750663,95006,601
1.0,82557,612
0.02699662542182227,74711,607
1.0,3729,490
0.03935599284436494,97789,616
1.0,6119,497
0.12565971349585323,83473,603
0.9986004198740378,84614,617
0.15706806282722513,65561,629
0.08948399738732854,83868,619
1.0,83789,618
0.02819548872180451,73758,611
0.033533533533533534,80567,615
1.0,105993,622
1.0,73259,626
0.05662862159789289,96092,609
0.029971901342491416,72866,620
0.9984670413898825,95367,628
0.0506080816006277,100219,604
0.06241928540680155,71318,623
0.030118185284025923,92244,624
0.018650088809946713,87920,644
1.0,104901,621
0.04104699583581202,76402,632
1.0,80158,645
0.13174114021571648,85596,631
0.17494866529774128,86109,651
0.6970922395532447,98770,627
0.031594975256947086,106444,635
0.06013021830716201,97927,642
1.0,85348,655
0.06441598758246023,91017,637
1.0,85722,654
0.9782977280434045,100802,639
0.04701553556827474,78152,650
1.0,95279,643
1.0,96972,636
0.05211406096361849,68378,641
0.19730722154222766,78562,646
0.08327911515940144,65383,649
0.05454545454545454,74242,670
0.011799410029498525,68643,660
1.0,74893,652
0.08891595615103533,103542,672
0.11520428667113194,69064,675
1.0,102147,658
0.9984375,106689,657
1.0,108498,674
1.0,73659,677
1.0,73418,656
0.04968655676805201,78028,667
1.0,108130,663
1.0,68724,678
0.049557522123893805,101483,666
0.05559203326767345,108658,659
0.9746462264150944,107826,669
1.0,95159,676
1.0,93530,682
0.0,67879,694
0.04653515427415276,82883,687
1.0,94086,679
1.0,84854,696
1.0,79509,684
1.0,105387,692
1.0,94687,683
0.09252669039145907,99162,685
0.09483887870055017,82641,693
0.05751469353484467,70618,686
1.0,107881,690
0.9959358288770054,65476,688
1.0,89993,665
0.05069603158113443,93118,691
0.034203420342034205,89543,680
1.0,89929,671
0.9996330275229358,85504,661
1.0,8952,709
0.10381488430268918,69721,699
1.0,8700,701
1.0,8857,713
1.0,8599,714
1.0,9568,712
1.0,13213,710
1.0,15019,718
0.15128593040847202,9804,702
1.0,12519,708
0.9935344827586207,14431,716
1.0,14040,711
0.999089667728721,80611,698
0.049297793063915164,13838,703
1.0,12739,707
0.9921980091471617,11591,700
1.0,11096,706
1.0,14093,705
1.0,9810,717
0.16681109185441942,12707,715
1.0,10721,704
1.0,95601,697
1.0,12054,725
0.07912457912457913,15041,721
1.0,9657,734
0.014347202295552367,14358,724
1.0,9097,726
1.0,13927,719
1.0,8269,730
1.0,11266,732
1.0,10632,722
0.045268376805345976,11225,720
1.0,15038,723
0.03441682600382409,12778,736
1.0,7842,733
1.0,11546,735
1.0,13741,731
1.0,11478,728
0.06151046405823476,10540,729
1.0,10296,727
1.0,14473,739
1.0,8611,743
1.0,15373,737
0.002191780821917808,14933,745
0.07995117485505035,8444,741
0.17822384428223845,15532,750
0.03424080830760595,12559,744
1.0,14929,747
0.06636225266362253,8997,742
0.03296703296703297,12953,761
1.0,12280,740
1.0,7948,738
1.0,11121,749
0.04133016627078385,13176,754
1.0,13760,751
0.05324074074074074,12745,753
1.0,14269,746
0.999185667752443,10723,748
0.21897810218978103,12006,771
1.0,10401,752
0.08064516129032258,15332,756
1.0,10817,755
1.0,12134,758
0.11462585034013606,15535,757
0.9851239669421488,11997,760
1.0,14001,762
1.0,8731,775
1.0,13333,763
1.0,13913,764
0.06980198019801981,15365,765
0.15524193548387097,9876,776
1.0,15510,766
0.940032414910859,15670,780
0.9906202723146748,12018,768
1.0,8252,767
1.0,10493,759
1.0,14188,769
1.0,7963,770
1.0,9525,774
0.17447199265381083,14172,785
1.0,9993,773
1.0,10703,772
1.0,11265,783
0.03943908851884312,10329,782
1.0,14112,777
1.0,14465,791
1.0,13623,779
1.0,11516,790
1.0,13103,778
0.9993211133740665,8540,784
0.13078070611636003,11126,792
1.0,12333,793
0.050353792989962155,12556,781
1.0,14846,787
1.0,14027,786
1.0,12746,795
1.0,11113,796
1.0,13464,797
1.0,12541,788
1.0,10660,794
1.0,12605,799
0.0562266637381946,13341,798
1.0,8151,789
